보습,세정,영양 공급,유분 조절,탄력,보호,재생,진정,청결,피부 개선,항산화,항염,균형 조절,방부제,색소 및 착색제
정제수,다이프로필렌글라이콜,판테놀,다이페닐다이메티콘,나이아신아마이드,토코페롤,판테놀,알란토인,다이프로필렌글라이콜,나이아신아마이드,토코페롤,판테놀,락토바실러스/콜라겐발효여과물,"1,2-헥산다이올",향료
글리세린,폴리글리세릴-10라우레이트,아데노신,트라이에틸헥사노인,아세틸테트라펩타이드-5,시어버터,아데노신,판테놀,글리세릴스테아레이트시트레이트,아데노신,멜론씨추출물,알란토인,락토바실러스/콜라겐/아이스플랜트잎추출물발효용해물,에틸헥실글리세린,리모넨
나이아신아마이드,소듐클로라이드,아세틸테트라펩타이드-5,베타인,헥사펩타이드-8,벤질살리실레이트,알란토인,서양송악잎/줄기추출물,글리세릴올리에이트,판테놀,아스코빌팔미테이트,다마스크장미꽃수,아스코빌팔미테이트,아이리쉬모스추출물,리날룰
소듐하이알루로네이트,소듐바이카보네이트,헥사펩타이드-9,카프릴릴글라이콜,헥사펩타이드-67팔미테이트,헥실신남알,락토바실러스/콜라겐발효여과물,라벤더오일,다이메틸실란올하이알루로네이트,서양송악잎/줄기추출물,포도추출물,라벤더오일,피토스핑고신,락토바실러스발효물,시트로넬올
소듐파이테이트,포타슘클로라이드,아세틸헥사펩타이드-8,카프릴릴/카프릴글루코사이드,헥사펩타이드-11,폴리글리세릴-4카프레이트,락토바실러스/콜라겐/아이스플랜트잎추출물발효용해물,베르가모트오일,소듐바이카보네이트,복숭아추출물,커피콩추출물,팔마로사오일,소듐서팩틴,바실러스발효물,제라니올
하이드로제네이티드레시틴,카보머,헥사펩타이드-67팔미테이트,아이소펜틸다이올,베타-글루칸,다이소듐이디티에이,연꽃꽃추출물,팔마로사오일,카보머,글리세릴폴리메타크릴레이트,사과추출물,마트리카리아꽃추출물,포타슘세틸포스페이트,에탄올,알파-아이소메틸아이오논
스쿠알란,소듐구아이아줄렌설포네이트,헥사펩타이드-11,살리실릭애씨드,다이메틸실란올하이알루로네이트,아이리쉬모스추출물,하이드로제네이티드폴리데센,시트로넬라오일,소듐구아이아줄렌설포네이트,다이메틸실란올하이알루로네이트,매실추출물,알로에베라꽃추출물,소듐폴리아크릴로일다이메틸타우레이트,소듐벤조에이트,티타늄디옥사이드
하이드롤라이즈드소듐하이알루로네이트,에탄올,서양민들레잎추출물,폴리쿼터늄-51,폴리글리세릴-10올리에이트,락토바실러스발효물,엑토인,락토바실러스/인삼열매추출발효여과물,C12-20알킬글루코사이드,글루타티온,소듐아스코빌포스페이트,다이포타슘글리시리제이트,피이지-100스테아레이트,벤질벤조에이트,마이카
시어버터,C12-20알킬글루코사이드,복숭아추출물,피피지-13-데실테트라데세스-24,소듐하이알루로네이트다이메틸실란올,바실러스발효물,효모/자일리눔/홍차발효물,인도멀구슬나무잎추출물,폴리글리세릴-3스테아레이트,페룰릭애씨드,글루타티온,병풀추출물,피이지-60글리세릴아이소스테아레이트,메틸파라벤,적색산화철
호호바씨오일,피이지-100스테아레이트,멜론씨추출물,소듐디엔에이,팔미토일트라이펩타이드-1,소듐구아이아줄렌설포네이트,보검선인장줄기추출물,아이비고드열매추출물,폴리솔베이트20,카카오추출물,페룰릭애씨드,아시아티코사이드,폴리글리세릴-10에이코산다이오에이트/테트라데칸다이오에이트,변성알코올,베타-카로틴
해바라기씨오일,폴리아크릴레이트-13,다마스크장미꽃수,사이클로덱스트린,카퍼트라이펩타이드-1,에탄올,보검선인장꽃추출물,다이포타슘글리시리제이트,메틸파라벤,만다린껍질추출물,카카오추출물,아시아틱애씨드,폴리메틸실세스퀴옥세인,비스-피이지-15메틸에터다이메티콘,하이드롤라이즈드치자추출물
세라마이드엔피,폴리글리세릴-10에이코산다이오에이트/테트라데칸다이오에이트,백미꽃추출물,에톡시다이글라이콜,팔미토일펜타펩타이드-4,C14-22알코올,카카오씨추출물,홀리바질잎추출물,변성알코올,로즈마리잎오일,아보카도열매추출물,마데카식애씨드,폴리글리세릴-10스테아레이트,다이에톡시에틸석시네이트,합성플루오르플로고파이트
하이알루로닉애씨드,폴리솔베이트20,접시꽃추출물,프로테아제,아세틸테트라펩타이드-2,피씨에이다이메티콘,병풀추출물,참산호말추출물,데실글루코사이드,연어알추출물,토코페릴아세테이트,마데카소사이드,락토바실러스/콩발효추출물,아라비아고무나무검,아나토씨오일
소듐하이알루로네이트크로스폴리머,아크릴레이트/스테아릴메타크릴레이트코폴리머,퀸즈랜드넛오일,소듐서팩틴,팔미토일트라이펩타이드-5,사이클로펜타실록세인,아시아티코사이드,알로에베라꽃추출물,소듐스테아로일락틸레이트,칡꽃/잎/줄기추출물,귤껍질추출물,살리실릭애씨드,효모/감자추출물발효여과물,페녹시에탄올,황색산화철
포타슘하이알루로네이트,피이지-7글리세릴코코에이트,칼슘판테놀,포타슘세틸포스페이트,다이팔미토일하이드록시프롤린,폴리실리콘-11,아시아틱애씨드,피버퓨추출물,다이-C12-13알킬말레이트,팔미토일펜타펩타이드-4,캐모마일꽃추출물,바쿠치올,효모/보리씨발효여과물,클로페네신,틴옥사이드
글리세레스-26,피이지/피피지-17/6코폴리머,피토스핑고신,소듐폴리아크릴로일다이메틸타우레이트,하이드로제네이티드포스파티딜콜린,실리카,마데카식애씨드,병풀추출물,에틸헥산다이올,아세틸테트라펩타이드-2,동충하초추출물,유칼립투스잎추출물,락토바실러스/배즙발효여과물,프로필렌글라이콜다이카프레이트,자색201호
글리세릴글루코사이드,데실글루코사이드,아스코빌팔미테이트,티비에이치큐,팔미토일테트라펩타이드-7,소듐카보머,마데카소사이드,아시아티코사이드,아이소노닐아이소노나노에이트,팔미토일트라이펩타이드-5,구름버섯추출물,비사보롤,락토바실러스/인삼뿌리발효여과물,프로필렌카보네이트,청색1호
소듐아세틸레이티드하이알루로네이트,소듐라우레이트,아이리쉬모스추출물,아라키딜알코올,하이드록시피나콜론레티노에이트,소듐벤조에이트,갈락토미세스/진흙버섯추출발효여과물,아시아틱애씨드,소듐포스페이트,비사보롤,에피갈로카테킨갈레이트,페퍼민트오일,락토바실러스/호밀가루발효물,소듐메타바이설파이트,적색225호
하이드롤라이즈드스클레로튬검,다이-C12-13알킬말레이트,보검선인장줄기추출물,아라키딜글루코사이드,아세틸테트라펩타이드-9,메틸글루코오스세스퀴스테아레이트,동충하초추출물,마데카식애씨드,다이소듐스테아로일글루타메이트,아세틸글루코사민,퀴논,동충하초추출물,락토바실러스/부레옥잠발효물,트라이소듐에틸렌다이아민다이석시네이트,카라멜
하이드롤라이즈드호호바에스터,에틸헥산다이올,보검선인장꽃추출물,피이지-40스테아레이트,콜라겐,소듐하이드록사이드,우스니아추출물,마데카소사이드,아크릴레이트/스테아릴아크릴레이트/다이메티콘메타크릴레이트코폴리머,스핑고리피드,트록세루틴,동백나무잎추출물,락토바실러스/고추냉이뿌리발효추출물,벤질알코올,흑색산화철
하이드롤라이즈드글라이코사미노글리칸,아이소노닐아이소노나노에이트,보검선인장씨오일,소듐팔모일글루타메이트,레티닐레티노에이트,티타늄디옥사이드,할미꽃추출물,바쿠치올,아크릴레이트/폴리트라이메틸실록시메타크릴레이트코폴리머,니코틴아마이드아데닌다이뉴클레오타이드,베타-카로틴,할미꽃추출물,락토바실러스/석류발효추출물,하이드록시아이소헥실3-사이클로헥센카복스알데하이드,비스머스옥시클로라이드
다이메틸실란올하이알루로네이트,폴리솔베이트80,카카오씨추출물,폴리아이소부텐,트라이펩타이드-1,마이카,에피갈로카테킨갈레이트,유칼립투스잎추출물,아크릴레이트/다이메티콘코폴리머,비피다발효용해물,포도주추출물,글리시레티닉애씨드,효모발효추출물,데하이드로아세틱애씨드,페릭페로시아나이드
소듐하이알루로네이트다이메틸실란올,폴리솔베이트40,스페인감초뿌리추출물,아이소도데케인,트라이펩타이드-29,적색산화철,헥실데실에틸헥사노에이트,캐모마일꽃추출물,소듐라우로일글루타메이트,페루가순환추출물,꿀추출물,비피다발효용해물,효모/포도발효추출물,락토바실러스/아세로라체리발효물,울트라마린
다마스크장미꽃오일,소듐포스페이트,인도멀구슬나무잎추출물,소듐폴리아크릴레이트,헥사펩타이드-12,에틸헥실스테아레이트,마시멜로뿌리추출물,페퍼민트오일,폴리부텐,베타-카로틴,레스베라트롤,요엽후박나무껍질추출물,모나스커스/쌀발효물,락토코쿠스발효물,망가니즈바이올렛
카프릴릭/카프릭트라이글리세라이드,제올라이트,인도멀구슬나무꽃추출물,폴리글리세릴-10스테아레이트,니코티노일트라이펩타이드-35,올레익애씨드,각시둥굴레뿌리줄기/뿌리추출물,시호뿌리추출물,에틸셀룰로오스,자주개자리추출물,로즈힙열매오일,자주개자리추출물,아라비아고무나무검,페닐프로판올,자수정가루
트레할로오스,소듐코코일알라니네이트,마트리카리아꽃추출물,폴리우레탄-15,노나펩타이드-7,비스-피이지-18메틸에터다이메틸실레인,참당귀뿌리추출물,신갈나무잎추출물,에틸렌/프로필렌/스타이렌코폴리머,하이드록시피나콜론레티노에이트,포도씨오일,스타아니스추출물,알파-글루칸올리고사카라이드,부틸옥틸살리실레이트,사파이어가루
자일리틸글루코사이드,아크릴레이트코폴리머,울금뿌리추출물,소듐아크릴레이트/비닐알코올코폴리머,팔미토일트라이펩타이드-29,비스-피이지-15메틸에터다이메티콘,하수오뿌리추출물,개서어나무잎추출물,부틸렌/에틸렌/스타이렌코폴리머,하이드롤라이즈드치자추출물,만수국아재비꽃오일,서양고추나물꽃/잎/줄기추출물,락토바실러스,디에칠아미노하이드록시벤조일헥실벤조에이트,실크가루
안하이드로자일리톨,스테아랄코늄헥토라이트,구아이아줄렌,소듐아크릴릭애씨드/엠에이코폴리머,벼에스에이치-올리고펩타이드-1,레몬껍질오일,산수유열매추출물,소엽맥문동뿌리추출물,벤조트라이아졸릴도데실p-크레솔,하이드롤라이즈드맥아추출물,크랜베리추출물,실론시나몬나무껍질오일,소듐데하이드로아세테이트,에틸파라벤,칼라민
글리세릴카프릴레이트,소듐라우로일글루타메이트,소듐스테아로일글루타메이트,피토스테릴/옥틸도데실라우로일글루타메이트,하이드롤라이즈드쌀단백질,스테아릴글리시레티네이트,연꽃캘러스배양추출물,왜당귀뿌리추출물,암모늄하이드록사이드,하이드롤라이즈드삼색제비꽃추출물,아사이팜열매추출물,쓴박하추출물,아이소세테스-20,프로필파라벤,등색205호
자작나무수액,라우릴피씨에이,포도추출물,소듐올리에이트,하이드롤라이즈드루핀단백질,콜레스테릴노나노에이트,연꽃잎세포배양가루,동백나무잎추출물,다이소듐라우레스설포석시네이트,흑효모발효물,빌베리열매추출물,고수열매/잎추출물,다이페닐실록시페닐트라이메티콘,부틸파라벤,적색102호
메틸글루세스-20,피이지-8,커피콩추출물,아이소프로필미리스테이트,하이드롤라이즈드식물성단백질,폴리글리세릴-6스테아레이트,아스파라곱시스 아르마타추출물,구름버섯추출물,다이에틸헥실소듐설포석시네이트,레스베라트롤,아르간커넬오일,클로브꽃추출물,암모늄폴리아크릴로일다이메틸타우레이트,벤조익애씨드,황색4호
프룩탄,암모늄폴리아크릴레이트,초피나무열매추출물,헥실데칸올,세테아릴에틸헥사노에이트,폴리글리세릴-6베헤네이트,하이드록시피나콜론레티노에이트,알로에베라잎즙,소듐코코일글라이시네이트,서양고추나물꽃추출물,비타민나무열매오일,카멜그라스추출물,폴리비닐알코올,페닐벤즈이미다졸설포닉애씨드,적색226호
폴리글리세린-3,소듐라우레스-12설페이트,사과추출물,아이소프로필팔미테이트,노나펩타이드-1,폴리글리세릴-10다이스테아레이트,레티놀,커먼자스민추출물,소듐메틸코코일타우레이트,트라넥사믹애씨드,흰서양송로추출물,쑥잎추출물,폴리에스터-5,클로헥시딘다이글루코네이트,적색202호
사카라이드아이소머레이트,소듐라우릴설페이트,매실추출물,다이펜타에리스리틸헥사카프릴레이트/헥사카프레이트,아세틸헵타펩타이드-4,소듐폴리아스파테이트,트라넥사믹애씨드,귀리커넬추출물,코코-베타인,아세틸옥타펩타이드-3,달맞이꽃오일,양배추추출물,소듐아스코베이트,아이오도프로피닐부틸카바메이트,적색104호의(2)
에틸헥실팔미테이트,다이소듐라우레스설포석시네이트,파파야열매추출물,트라이데실스테아레이트,아세틸옥타펩타이드-3,알루미늄/마그네슘하이드록사이드스테아레이트,아스코빅애씨드,포트마리골드꽃추출물,라우릴베타인,크랜베리추출물,브로콜리추출물,병풀잎추출물,트라이라우레스-4포스페이트,프로필갈레이트,황색5호
세틸에틸헥사노에이트,라우레스-25,치자추출물,트라이데실트라이멜리테이트,트라넥사모일다이펩타이드-23,다이카프릴릴카보네이트,하이드롤라이즈드홍삼사포닌,개박하추출물,라우릴하이드록시설테인,비치스트로베리추출물,포도즙추출물,서양고추나물꽃추출물,폴리글리세릴-2스테아레이트,피이지-10피토스테롤,적색104호의(1)
하이드로제네이티드식물성오일,다이에틸헥실소듐설포석시네이트,생강추출물,하이드로제네이티드올리브오일스테아릴에스터,트라넥사모일다이펩타이드-22,비닐다이메티콘/메티콘실세스퀴옥세인크로스폴리머,유비퀴논,라즈베리잎추출물,라우릴글루코사이드,스피어민트잎오일,녹차씨오일,애기달맞이꽃추출물,폴리글리세릴-2아이소스테아레이트/다이머다이리놀리에이트코폴리머,다이아이소프로필다이머다이리놀리에이트,적색201호
망고씨버터,소듐코코일글라이시네이트,회향씨추출물,피이지-10다이메티콘,니코티노일트라이펩타이드-1,다이스테아다이모늄헥토라이트,금송뿌리추출물,와일드인디고뿌리추출물,포타슘코코일글리시네이트,콘민트오일,카페오일트라이펩타이드-1,인삼꽃추출물,폴리글리세릴-3폴리리시놀리에이트,아이소부틸파라벤,적색220호
꿀,소듐메틸코코일타우레이트,샤프란꽃추출물,피이지-32,니코티노일다이펩타이드-22,다이메티콘크로스폴리머,흰서양송로추출물,레이디스맨틀잎추출물,포타슘코코에이트,프로방스장미꽃수,아스코빅애씨드폴리펩타이드,붉나무충영추출물,폴리글리세릴-3리시놀리에이트,부틸파라벤,등색201호
몰로키아잎추출물,코코-베타인,소두구씨추출물,피이지-6,테트라펩타이드-44,암모늄폴리아크릴로일다이메틸타우레이트,제올라이트,삼색제비꽃추출물,소듐코코에이트,제주진득찰추출물,레티닐팔미테이트,천궁뿌리추출물,폴리글리세릴-4다이아이소스테아레이트/폴리하이드록시스테아레이트/세바케이트,벤즈이미다졸다이아몬드아미도에틸우레아카바모일프로필폴리메틸실세스퀴옥세인,적색223호
당근추출물,라우릴베타인,영지버섯줄기추출물,폴리프로필실세스퀴옥세인,펜타펩타이드-13,소듐팔미토일프롤린,다이세테아다이모늄헥토라이트,다마스크장미꽃추출물,소듐코코일이세티오네이트,흰서양송로추출물,비타민나무오일,황벽나무껍질추출물,스테아로일이눌린,포타슘벤조에이트,적색227호
보리지추출물,라우릴하이드록시설테인,병풀추출물,폴리에틸렌,트라이펩타이드-32,프로폴리스추출물,스피드웰추출물,메도우스위트꽃추출물,소듐코코일애플아미노산,멕시칸치아씨추출물,바오밥나무씨오일,금송뿌리추출물,호박가루,소듐팔미테이트,황색203호
팔미토일펜타펩타이드-4,라우릴글루코사이드,편백오일,나일론-12,니코티노일다이펩타이드-24,로얄젤리추출물,소듐아세테이트,육계나무껍질추출물,다이소듐코코암포다이아세테이트,녹차수,아스코빌테트라이소팔미테이트,티트리추출물,소듐라우로일글루타메이트,벤잘코늄클로라이드,카민
아세틸테트라펩타이드-2,포타슘코코일글리시네이트,달맞이꽃꽃추출물,소듐라우로일락틸레이트,니코티노일다이펩타이드-23,티트리추출물,스트렙토코쿠스 테르모필루스발효물,방풍뿌리추출물,폴리쿼터늄-67,쑥추출물,검은서양송로추출물,캐모마일꽃오일,피이지/피피지-20/15다이메티콘,메틸2-옥티노에이트,청동가루
팔미토일트라이펩타이드-5,포타슘코코에이트,대왕소나무잎추출물,아이소세틸스테아레이트,아세틸펜타펩타이드-1,올리브나무잎추출물,락토바이오닉애씨드,복령균핵추출물,폴리글리세릴-6카프릴레이트,다시마추출물,흑미추출물,오레가노추출물,페네틸알코올,페러스설페이트,구리가루
스쿠알렌,소듐코코에이트,칡뿌리추출물,스테아릴헵타노에이트,아미노프로필아스코빌포스페이트,레몬그라스추출물,카페오일트라이펩타이드-1,요엽후박나무껍질추출물,피이지-4다이라우레이트,알로에베라잎수,두송열매추출물,쑥추출물,소듐살리실레이트,폴리글리세릴-3다이스테아레이트,적색218호
올리브오일,소듐코코일이세티오네이트,당느릅나무뿌리추출물,스테아릴카프릴레이트,에스에이치-올리고펩타이드-1,살비아추출물,황련추출물,자주개자리추출물,벤잘코늄클로라이드,비타민나무열매추출물,레몬추출물,블랙윌로우나무껍질추출물,소듐폴리글루타메이트크로스폴리머,폴리글리세릴-2다이폴리하이드록시스테아레이트,적색103호의(1)
보리지씨오일,소듐라우로일이세티오네이트,버지니아풍년화추출물,실리카실릴레이트,알에이치-올리고펩타이드-2,오레가노추출물,포트마리골드추출물,스타아니스추출물,아이소프로필알코올,쿠마린,오렌지추출물,비타민나무열매추출물,비스-C16-18알킬글리세릴운데실다이메티콘,폴리글리세릴-10다이라우레이트,적색504호
카놀라오일,다이소듐라우릴설포석시네이트,아시아티코사이드,아크릴레이트/다이메티콘코폴리머,알에이치-폴리펩타이드-1,네오펜틸글라이콜다이헵타노에이트,참당귀추출물,라벤더꽃추출물,규조토,다이메틸메톡시크로마닐팔미테이트,설탕단풍추출물,보스웰리아오일,다이펜타에리스리틸펜타아이소스테아레이트,에틸멘탄카복사마이드,녹색202호
동백나무씨오일,코코넛애씨드,아시아틱애씨드,스테아로일이눌린,팔미토일다이펩타이드-7,비타민나무열매추출물,블루플래그아이리스추출물,서양고추나물꽃/잎/줄기추출물,씨솔트,포스포리피드,포도씨추출물,자색201호,글루코만난,카프릴릴트라이메티콘,딸기가루
동백나무잎추출물,소듐C14-16올레핀설포네이트,마데카식애씨드,다이머다이리놀레일다이머다이리놀리에이트,하이드롤라이즈드엘라스틴,알파-비사보롤,동백나무꽃추출물,실론시나몬나무껍질오일,C13-16아이소파라핀,오리스뿌리추출물,석류과피추출물,세라마이드엔에스,소듐콘드로이틴설페이트,포타슘C12-13알킬포스페이트,카카오열매가루
갈락토미세스/진흙버섯추출발효여과물,소듐이세티오네이트,마데카소사이드,쌀겨오일,카페오일트라이펩타이드-1,다이메틸메톡시크로마닐팔미테이트,동백나무씨추출물,쓴박하추출물,피이지-8라우레이트,검은서양송로추출물,홍차추출물,세라마이드에이에스,소듐코코일이세티오네이트,폴리글리세릴-5트라이올리에이트,약모밀가루
글리세릴리놀리에이트,소듐팔미테이트,피토스테롤,다이스테아릴다이모늄클로라이드,아세틸테트라펩타이드-3,징크옥사이드,흑삼추출물,고수열매/잎추출물,소듐세테아릴설페이트,서양산딸기추출물,아스코빌글루코사이드,검은서양송로추출물,소듐코코에이트,이미다졸리디닐우레아,스위트아몬드씨가루
글리세릴리놀리네이트,소듐스테아레이트,감자추출물,트라이에톡시실릴에틸폴리다이메틸실록시에틸헥실다이메티콘,아스코빅애씨드폴리펩타이드,에칠헥실살리실레이트,검은서양송로추출물,클로브꽃추출물,소듐라우레스-6카복실레이트,흑미추출물,에틸아스코빌에텔,서양송악추출물,소듐팔메이트,아나토씨추출물,프로방스장미꽃
글리세릴아라키도네이트,소듐라우릴글루코오스카복실레이트,소듐아스코빌포스페이트,에이치디아이/트라이메틸올헥실락톤크로스폴리머,레티닐팔미테이트,호모살레이트,서양산딸기추출물,카멜그라스추출물,폴리쿼터늄-73,검은깨추출물,자몽껍질오일,쐐기풀잎추출물,소듐팜커넬레이트,소목줄기가루,백금가루
소엽맥문동뿌리추출물,다이소듐코코일글루타메이트,살비아오일,브이피/헥사데센코폴리머,펜타펩타이드-18,옥토크릴렌,약작약꽃추출물,쑥잎추출물,폴리쿼터늄-11,팔미토일프롤린,리씨열매오일,라벤더꽃/잎/줄기추출물,다이소듐코코암포다이아세테이트,디아졸리디닐우레아,피이지-5레이프씨드스테롤
왜당귀뿌리추출물,코코-글루코사이드,클레리오일,C30-45알킬다이메틸실릴폴리프로필실세스퀴옥세인,세라마이드엔지,비스-에칠헥실옥시페놀메톡시페닐트리아진,꿀풀추출물,양배추추출물,폴리쿼터늄-47,에난티아 클로란타껍질추출물,고수열매오일,코코넛야자열매추출물,다이소듐코코일글루타메이트,메칠클로로이소치아졸리논,카나우바왁스추출물
피이지-60글리세릴아이소스테아레이트,소듐미리스토일글루타메이트,로즈마리잎오일,다이부틸아디페이트,아스코빌테트라이소팔미테이트,마그네슘/포타슘/실리콘/플루오라이드/하이드록사이드/옥사이드,팔미토일프롤린,병풀잎추출물,폴리쿼터늄-80,레몬추출물,토르말린,체이스트트리추출물,다이포타슘포스페이트,에탄올아민,로즈힙꽃오일
코코-카프릴레이트/카프레이트,다이소듐코코암포다이아세테이트,연어알추출물,폴리글리세릴-2다이아이소스테아레이트,팔미토일프롤린,알루미늄미리스테이트,티트리잎추출물,알쏭이모자반추출물,폴리쿼터늄-76,오렌지추출물,석류씨오일,티트리잎추출물,다이포타슘이디티에이,디엠디엠하이단토인,벤조페논-4
호호바에스터,벤잘코늄클로라이드,약모밀추출물,소듐다이라우미도글루타미드라이신,하이드롤라이즈드산호,탤크,효모/율무씨발효여과물,청각추출물,폴리쿼터늄-73,설탕단풍추출물,비타민나무추출물,로즈마리추출물,소듐글루코네이트,메칠이소치아졸리논,에틸라우로일알지네이트하이드로클로라이드
만니톨,피피지-2-데세스-7,쇠비름추출물,마그네슘미리스테이트,진주추출물,테트라소듐이디티에이,락토바실러스/쌀발효물,폴스애플민트잎추출물,라우레스-3,코코넛야자열매추출물,복분자딸기열매추출물,불가리스쑥오일,효모폴리펩타이드,피이지-75,자색401호
세테아릴올리베이트,피이지-4다이라우레이트,카카오추출물,알루미늄전분옥테닐석시네이트,다이아몬드가루,에틸파라벤,락토바실러스/홍삼발효여과물,서양고추나물꽃추출물,피피지-2데세스-12,포도씨추출물,큰노랑용담뿌리추출물,홍차추출물,스피룰리나 플라텐시스추출물,포타슘카보네이트,황색204호
세틸팔미테이트,스테아트라이모늄메토설페이트,아보카도열매추출물,피이아이-10,토파즈,프로필파라벤,퀴노아씨추출물,이리추출물,피이지-14M,호호바잎추출물,쓴쑥추출물,천궁추출물,폴리글리세릴-10베헤네이트/에이코사디오에이트,스테아록시프로필트라이모늄클로라이드,적색2호
솔비탄팔미테이트,아이소프로필알코올,두충나무껍질추출물,스테아레스-20,루비가루,부틸파라벤,와일드얌뿌리추출물,마늘소포,변성알코올39-C,대추야자씨,아스코빌다이팔미테이트,매실나무꽃추출물,하이드로제네이티드스타치하이드롤리세이트,디나토늄벤조에이트,등색206호
솔비탄올리베이트,규조토,만다린껍질추출물,솔비탄세스퀴아이소스테아레이트,에스에이치-폴리펩타이드-1,에틸렌/프로필렌코폴리머,생열귀나무싹추출물,히비스커스꽃추출물,변성알코올40,침향나무줄기추출물,로즈힙열매추출물,산양삼추출물,바실러스/소이빈발효추출물,변성알코올39-C,녹색401호
하이드로제네이티드폴리아이소부텐,씨솔트,글루타티온,폴리실리콘-2,에스에이치-데카펩타이드-7,마이크로크리스탈린셀룰로오스,에델바이스캘러스배양추출물,캐모마일꽃수,다이메틸에터,치자나무꽃추출물,라임꽃추출물,에델바이스캘러스배양추출물,에틸페룰레이트,변성알코올40,녹색201호
하이드록시프로필비스팔미타마이드엠이에이,헥토라이트,페룰릭애씨드,실리카다이메티콘실릴레이트,에스에이치-옥타펩타이드-4,티타늄/티타늄다이옥사이드,벼캘러스배양추출물,알로에베라잎즙가루,다이메틸이미다졸리다이논쌀전분,메도우스위트추출물,블랙체리열매추출물,아젤라익애씨드,피이지-30스테아레이트,벤조일아이소프로판올,녹색3호
하이드록시프로필비스라우라마이드엠이에이,소듐폴리스타이렌설포네이트,로우스위트블루베리추출물,아이소에이코산,에스에이치-올리고펩타이드-9,에칠헥실트리아존,토마토캘러스배양추출물,자작나무잎추출물,디나토늄벤조에이트,석류과피추출물,패션프룻열매추출물,소듐살리실레이트,소듐아니세이트,셀룰로오스아세테이트부티레이트,흑색401호
아세틸글루코사민,폴리C10-30알킬아크릴레이트,라즈베리추출물,다이메티콘/피이지-10/15크로스폴리머,에스에이치-펜타펩타이드-19,디에칠헥실부타미도트리아존,마돈나백합잎세포추출물,드럼스틱씨추출물,메틸락테이트,서양자두씨추출물,까무까무열매추출물,감국꽃추출물,피피지-5-세테스-20,부틸아세테이트,적색40호
글리세릴스테아레이트에스이,C13-16아이소파라핀,엘더열매추출물,브이피/에이코신코폴리머,프로콜라겐,메칠렌비스-벤조트리아졸릴테트라메칠부틸페놀,푸른연꽃잎세포추출물,오이열매추출물,메틸안트라닐레이트,셀러리씨추출물,석류나무꽃추출물,일랑일랑꽃추출물,스파켈라리아 스코파리아추출물,에틸아세테이트,아나토
알로에베라잎즙,피이지/피피지-9/2다이메틸에터,모란뿌리추출물,C30-45알킬세테아릴다이메티콘크로스폴리머,콜라겐아미노산,다이메티콘/폴리글리세린-3크로스폴리머,알바수련잎세포추출물,레몬밤잎추출물,변성감자전분,콩추출물,티아꽃추출물,아르니카 몬타나꽃추출물,구아하이드록시프로필트라이모늄클로라이드,나이트로셀룰로오스,멜라닌
소듐락테이트,피피지-17,레몬머틀잎추출물,C30-45알킬다이메티콘,에이엠피-아이소스테아로일하이드롤라이즈드콜라겐,피이지-10다이메티콘크로스폴리머,커먼자스민꽃추출물,개똥쑥추출물,다이-헤마트라이메틸헥실다이카바메이트,바실러스/폴릭애씨드발효여과추출물,더덕뿌리추출물,아프리카망고커넬버터,피이지-크로스폴리머,아세틸트라이부틸시트레이트,"황산톨루엔-2,5-디아민"
아마씨오일,피이지-8라우레이트,알바수련꽃추출물,스테아록시트라이메틸실레인,에이엠피디-아이소스테아로일하이드롤라이즈드콜라겐,폴리글리세릴-3올리에이트,하이드롤라이즈드콘키올린단백질,레이디스맨틀추출물,아이소보닐아크릴레이트,홍차추출물,미역추출물,발레이추출물,하이드로제네이티드레이프씨드알코올,트라이메틸펜탄다이일다이벤조에이트,p-페닐렌디아민
마카다미아씨오일,폴리글리세릴-5트라이올리에이트,바쿠치올,폴리실리콘-15,팔미토일올리고펩타이드,다이아이소스테아로일폴리글리세릴-3다이머다이리놀리에이트,피피지-3벤질에터미리스테이트,캐모마일꽃오일,라우릴피리디늄클로라이드,아스코빌글루코사이드,사과나무꽃추출물,포트마리골드꽃오일,하이드롤라이즈드귀리단백질,다이아세톤알코올,p-아미노페놀
프로필렌글라이콜,소듐스테아록시피지-하이드록시에틸셀룰로오스설포네이트,들깨잎추출물,벤토나이트,팔미토일헥사펩타이드-12,다이메티콘크로스폴리머-3,아스코빌다이팔미테이트,티트리추출물,헥산알,달팽이점액여과물,딸기추출물,캠퍼,소듐글리세로포스페이트,프탈릭안하이드라이드/트라이멜리틱안하이드라이드/글라이콜코폴리머,"염산2,4-디아미노페녹시에탄올"
비피다발효용해물,디소듐페닐디벤즈이미다졸테트라설포네이트,유칼립투스잎추출물,마그네슘알루미늄실리케이트,수용성프로테오글리칸,라우레스-4,다이부틸라우로일글루타마이드,세룰라타벚나무꽃추출물,에톡시다이글라이콜아크릴레이트,아젤라익애씨드,녹용추출물,메틸살리실레이트,폴리글리세릴-2라우레이트,트라이메틸펜타다이아이소부티레이트,2-메틸레조시놀
쿠티박테리움 그라눌로숨발효추출여과물,소듐세테아릴설페이트,대추추출물,옥틸도데실네오펜타노에이트,트라이펩타이드-3,폴리에스터-1,다이부틸에틸헥사노일글루타마이드,오레가노추출물,소듐사카린,에틸아스코빌에텔,쓴풀추출물,블랙커민씨오일,브이피/메타크릴아마이드/비닐이미다졸코폴리머,폴리글리세릴-5스테아레이트,m-아미노페놀
글리세레스-20,피피지-17/아이피디아이/디엠피에이코폴리머,참마뿌리추출물,다이메티콘실릴레이트,트라이펩타이드-2,다이메티콘올/메틸실레인올/실리케이트크로스폴리머,씨라벤더추출물,블랙윌로우나무껍질추출물,소듐라우로일사코시네이트,비터오렌지꽃추출물,블랙커민씨오일,제주조릿대추출물,아크릴레이트/스테아레스-20이타코네이트코폴리머,알루미늄다이미리스테이트,"N,N-비스(2-하이드록시에틸)-p-페닐렌다이아민설페이트"
글리시레티닉애씨드,소듐하이드록시프로필설포네이트라우릴글루코사이드크로스폴리머,산사나무열매추출물,다이펜타에리스리틸트라이-폴리하이드록시스테아레이트,석시노일아텔로콜라겐,벤조페논-3,장미꽃추출물,히솝추출물,티이에이-라우릴설페이트,크리스마스베리트리씨추출물,쌀겨오일추출물,병풀오일,하이드록시프로필셀룰로오스,다이에틸헥실카보네이트,
올리브오일,소듐라우레스설페이트,수선화비늘줄기추출물,폴리에스터-1,바이오티노일트라이펩타이드-1,클로헥시딘다이글루코네이트,하이드록시스테아릭/리놀레닉/올레익폴리글리세라이즈,카나우바왁스,피이지-50하이드로제네이티드캐스터오일,다이메티콘크로스폴리머-3,녹차가루,헛개나무열매추출물,아크릴레이트/카바메이트코폴리머,아이소프로필파라벤,
올레익애씨드,코카마이드메틸엠이에이,칡꽃/잎/줄기추출물,소듐살리실레이트,헥사펩타이드-2,아이소부탄,락토바실러스/콩추출물발효여과물,라벤더오일,소듐폴리아크릴레이트스타치,페닐벤즈이미다졸설포닉애씨드,루이보스추출물,사철쑥추출물,하이드록시에메타크릴레이트,실버시트레이트,
시로미열매즙,코카마이드디이에이,뽕나무잎추출물,아이오도프로피닐부틸카바메이트,데카펩타이드-40,프로판,수퍼옥사이드디스뮤타아제,알테로모나스발효추출물,암모늄라우레스설페이트,회화나무잎추출물,탄제린추출물,녹나무껍질오일,에톡시다이글라이콜아크릴레이트,아이소프로필크레솔,
호호바왁스피이지-120에스터,코카미도프로필하이드록시설테인,지황뿌리추출물,트라이메틸롤프로판트라이카프릴레이트/트라이카프레이트,돌콩펩타이드,부탄,하이드로제네이티드팜애씨드,연꽃꽃수,C12-14파레스-3,노니열매추출물,3-O-에틸아스코빅애씨드,신남알,아크릴레이트크로스폴리머,부틸프탈이미드,
카프릴릴메티콘,라우레스-23,감초뿌리추출물,비스-C16-18알킬글리세릴운데실다이메티콘,아밀신나밀알코올,피이지-12다이메티콘,마조람잎추출물,호박가루,폴리쿼터늄-6,알로에베라잎폴리사카라이드,인디안구스베리추출물,라벤더추출물,폴리우레탄-11,아이소프로필프탈이미드,
잇꽃씨오일,피이지-75,작약뿌리추출물,아이소트라이데실아이소노나노에이트,알라닌/히스티딘/라이신폴리펩타이드카퍼에이치씨엘,칼슘알루미늄보로실리케이트,자주천인국뿌리추출물,쌀겨오일,,하이드롤라이즈드어란추출물,아리스토텔리아 킬렌시스열매추출물,유향나무수지추출물,폴리우레탄-10,트리클로산,
콜라겐,소듐메틸타우레이트,마돈나백합비늘줄기추출물,아이소스테아릴아이소스테아레이트,트리스(테트라메틸하이드록시피페리딘올)시트레이트,칼슘소듐보로실리케이트,능이추출물,쇠뜨기잎추출물,,하이드롤라이즈드밀단백질,검은뽕나무열매추출물,당아욱꽃추출물,피이지-160솔비탄트라이아이소스테아레이트,에리소빅애씨드,
콜라겐추출물,피피지-2데세스-12,둥굴레뿌리줄기추출물,다이펜타에리스리틸펜타아이소스테아레이트,시스테인에이치씨엘,트라이칼슘포스페이트,연꽃뿌리수,쐐기풀잎추출물,,비스-C16-18알킬글리세릴운데실다이메티콘,아이슬란드이끼추출물,마트리카리아꽃/잎추출물,피이지-65M,,
꿀추출물,라우레스-3,연꽃추출물,폴리글리세릴-2아이소스테아레이트,티옥틱애씨드,트라이메틸실록시페닐다이메티콘,병풀꽃/잎/줄기추출물,라벤더꽃/잎/줄기추출물,,폴리글리세릴-10펜타아이소스테아레이트,비터아몬드커넬오일,수레국화꽃추출물,폴리쿼터늄-50,,
해바라기씨추출물,피이지-2라우레이트,황련뿌리추출물,폴리글리세릴-10데카아이소스테아레이트,하이드롤라이즈드콜라겐추출물,에틸바닐린,병풀뿌리추출물,카올린,,피토스테릴이소스테아레이트,스타아니스열매/씨오일,페퍼민트추출물,피이지-40,,
바나나추출물,하이드록시프로필알지닌라우릴/미리스틸에터에이치씨엘,당근추출물,다이머다일리놀레일다이아이소스테아레이트,펜타펩타이드-3,카라기난,효모폴리펩타이드,체이스트트리추출물,,폴리아마이드-8,서양측백나무잎오일,백화수,피피지-20메틸글루코오스에터,,
연꽃뿌리추출물,C12-14Sec-파레스-7,아세틸테트라펩타이드-2,피토스테릴이소스테아릴다이머디리놀리에이트,다이펩타이드다이아미노부티로일벤질아마이드다이아세테이트,트라이카프릴린,스피룰리나 플라텐시스추출물,마트리카리아꽃수,,메도우폼델타-락톤,커먼자스민오일,병풀꽃/잎/줄기추출물,아크릴레이트/아크릴아마이드코폴리머,,
참깨추출물,C12-15파레스-3,팔미토일트라이펩타이드-5,폴리글리세릴-3비즈왁스,헥사펩타이드-3,페닐메티콘,글루코실헤스페리딘,소목껍질추출물,,콜레스테릴하이드록시스테아레이트,탄제린껍질오일,비터아몬드커넬오일,소듐리보플라빈포스페이트,,
참미역추출물,폴리글리세릴-2라우레이트,스쿠알렌,하이드로제네이티드폴리사이클로펜타다이엔,폴리글리세릴-6라우레이트,폴리부틸렌테레프탈레이트,바이오플라보노이드,붉은토끼풀꽃추출물,,락토바실러스/콩추출물발효여과물,토코트라이엔올,서양측백나무잎오일,칼슘티오글라이콜레이트,,
당근씨오일,에이엠피-아크릴레이트/C1-18알킬아크릴레이트/C1-8알킬아크릴아마이드코폴리머,올리브오일,다이펜타에리스리틸테트라아이소스테아레이트,폴리글리세릴-2카프레이트,폴리프로필렌,스위트아몬드씨가루,로즈마리추출물,,쌀겨오일추출물,흰소나무껍질추출물,커먼자스민오일,마그네슘카보네이트하이드록사이드,,
레시틴,에이엠피-아크릴레이트/C1-18알킬아크릴레이트/C1-8알킬아크릴아마이드/하이드록시에틸아크릴레이트코폴리머,보리지씨오일,다이펜타에리스리틸헥사C5-9애씨드에스터,트라이에톡시실릴에틸폴리다이메틸실록시에틸다이메티콘,에틸렌/브이에이코폴리머,하이드로제네이티드폴리(C6-20올레핀),서양민들레뿌리줄기/뿌리추출물,,블랙커민씨오일,윈터체리뿌리추출물,스피룰리나 플라텐시스추출물,,,
비에이치티,라우릴피리디늄클로라이드,동백나무씨오일,아이소부틸파라벤,올리고펩타이드-3,알루미늄가루,클로렐라발효물,오이풀뿌리추출물,,제주조릿대추출물,빌베리열매/잎추출물,금불초꽃/잎/줄기추출물,,,
로즈힙열매오일,C7-8아이소파라핀,갈락토미세스/진흙버섯추출발효여과물,아이소스테아릴네오펜타노에이트,토코페릴리놀리에이트,페릭암모늄페로시아나이드,유글레나추출물,녹두씨추출물,,로즈오브예리코추출물,바이오플라보노이드,털부처꽃추출물,,,
판토락톤,헥산알,비사보롤,트라이아이소세틸시트레이트,알에이치-폴리펩타이드-62,크로뮴하이드록사이드그린,해마토코쿠스 플루비알리스추출물,코치닐선인장추출물,,헛개나무열매추출물,루틴,티트리꽃/잎/줄기추출물,,,
실크아미노산,포타슘코코일글루타메이트,인삼수,베헤닐베헤네이트,알에이치-폴리펩타이드-3,실버,하이드롤라이즈드조류추출물,불가리스쑥오일,,브라질넛씨오일,해마토코쿠스 플루비알리스추출물,클로브싹추출물,,,
하이드롤라이즈드해면,소듐스위트아몬드암포아세테이트,아세틸글루코사민,트라이아이소스테아릴시트레이트,하이드롤라이즈드귀리단백질,카본블랙,자이언트켈프단백질,아스코빌글루코사이드,,소두구씨오일,클로렐라발효물,고삼뿌리추출물,,,
프룩토올리고사카라이드,소듐미레스설페이트,비오틴/폴릭애씨드/시아노코바라민/니아신아마이드/판토테닉애씨드/피리독신/리보플라빈/티아민/효모폴리펩테이드,징크라우레이트,아스퍼질러스/동백나무씨발효추출여과물,알루미늄다이스테아레이트,자작나무껍질추출물,국화추출물,,효모/아연발효물,유글레나추출물,알로에베라잎즙,,,
수크로오스다이스테아레이트,피이지-80솔비탄라우레이트,올리고펩타이드-1,징크클로라이드,에이엠피-아이소스테아로일하이드롤라이즈드실크,스테아랄코늄벤토나이트,하이드록시데실유비퀴논,곰취잎추출물,,효모/마그네슘발효물,자란뿌리추출물,대추야자열매추출물,,,
카르노신,피이지-150다이스테아레이트,올리고펩타이드-2,소듐팔메이트,미리스토일펜타펩타이드-4,에틸렌/메타크릴릭애씨드코폴리머,미로탐누스 플라벨리폴리아잎추출물,천궁추출물,,우유단백질추출물,노니추출물,자이언트켈프추출물,,,
하이드롤라이즈드콜라겐,소듐코코일글루타메이트,올리고펩타이드-4,소듐팜커넬레이트,피탄트라이올,라벤더그로소허브오일,미리스틸알코올,매실나무꽃추출물,,다이포타슘포스페이트,석류나무추출물,불가리스쑥추출물,,,
아텔로콜라겐,라우레스-7시트레이트,팔미토일테트라펩타이드-7,소듐카보네이트,하이드록시사이클로헥실페닐케톤,필리핀오렌지껍질오일,카프릴아마이드엠이에이,비터오렌지꽃추출물,,시스테인에이치씨엘,망고스틴껍질추출물,자주천인국추출물,,,
유비퀴논,마그네슘라우레스설페이트,퀴논,타타릭애씨드,아디픽애씨드/네오펜틸글라이콜/트라이멜리틱안하이드라이드코폴리머,소듐팔미테이트,보스웰리아추출물,카바카바잎/뿌리/줄기추출물,,병풀꽃/잎/줄기추출물,포도덩굴수액,붉은토끼풀추출물,,,
비피다발효여과물,암모늄라우릴설페이트,황금추출물,카프릭애씨드,아데노신포스페이트,비누풀잎추출물,피록톤올아민,부용꽃추출물,,다발방패버섯추출물,푸시디움 코식네움발효여과물,페닐에틸레조시놀,,,
락토코쿠스발효용해물,암모늄설페이트,홍삼추출물,소듐코코암포아세테이트,피토스테릴하이드록시스테아레이트,병풀오일,하이드롤라이즈드병풀추출물,아젤라익애씨드,,병풀뿌리추출물,엘라직애씨드,포도주,,,
효모발효여과물,미파-라우레스설페이트,인삼추출물,테트라데센,판테틴,폴리글리세릴-10다이올리에이트,당호박추출물,차가버섯추출물,,아티초크잎추출물,바다포도추출물,둥근잎나팔꽃추출물,,,
알로에베라잎추출물,소듐마그네슘실리케이트,하이드롤라이즈드콩단백질,폴리쿼터늄-7,하이드록시프로필트라이모늄하이드롤라이즈드케라틴,트루로즈오브예리코추출물,당호박가루,감국꽃추출물,,흰소나무껍질추출물,에르고티오네인,해바라기꽃추출물,,,
알로에베라소포,소듐메틸라우로일타우레이트,폴릭애씨드,폴리쿼터늄-39,스페인감초뿌리수,스위트아몬드씨드케이크,시스틴비스-피지-프로필실란트라이올,라벤더꽃수,,케이프알로에잎추출물,해바라기꽃추출물,회화나무꽃추출물,,,
알로에베라잎추출물,피이지-50하이드로제네이티드캐스터오일,피리독신에이치씨엘,폴리쿼터늄-67,소듐리보플라빈포스페이트,유향나무수지추출물,에이엠피-아이소스테아로일하이드롤라이즈드실크,페퍼민트잎수,,모란추출물,비터오렌지껍질오일,서양민들레추출물,,,
비즈왁스,피이지/피피지-25/25다이메티콘/아크릴레이트코폴리머,티아민에이치씨엘,세틸피리디늄클로라이드,칼슘티오글라이콜레이트,흰소나무껍질추출물,사과세포배양추출물,로즈마리잎수,,마디풀추출물,클로로필린-카퍼컴플렉스,악마의발톱뿌리추출물,,,
피이지-40하이드로제네이티드캐스터오일,암모늄라우레스설페이트,칼슘판토테네이트,코카미도프로필피지-다이모늄클로라이드포스페이트,마그네슘카보네이트하이드록사이드,다이아이소프로필세바케이트,로에셀리아 멕시카나잎추출물,일랑일랑꽃추출물,,마편초잎추출물,다이올레일토코페릴메틸실란올,오레가노꽃/잎/줄기추출물,,,
피피지-26-부테스-26,C12-14파레스-3,바이오틴,C15-23알케인,칼슘하이드록사이드,티트리꽃/잎/줄기추출물,시카카이열매추출물,바위솔추출물,,갈대추출물,루페올,보검선인장열매추출물,,,
황벽나무껍질추출물,폴리쿼터늄-6,리보플라빈,C13-14알케인,마그네슘포타슘플루오로실리케이트,해마토코쿠스 플루비알리스추출물,효모/홍삼발효여과물,마시멜로잎추출물,,노르웨이귤추출물,카카올리드,마누카잎추출물,,,
황기뿌리추출물,세테스-40,사이아노코발아민,피이지-15/라우릴다이메티콘크로스폴리머,,클로렐라발효물,삼백초추출물,부들레야추출물,,자귀나무껍질추출물,석시닉애씨드,녹차씨추출물,,,
천궁뿌리추출물,피이지-150/데실알코올/에스엠디아이코폴리머,트록세루틴,규조토,,유글레나추출물,수마뿌리추출물,눈빛승마추출물,,하이드롤라이즈드조류추출물,에틸렌브라실레이트,로부르참나무목부추출물,,,
캐모마일꽃수,세테스-15,허브로버트추출물,씨솔트,,에틸멘탄카복사마이드,달맞이꽃뿌리추출물,서양고추나물추출물,,야니아 루벤스추출물,탄닉애씨드,양골담초추출물,,,
자작나무잎추출물,세테아레스-23,은행추출물,헥토라이트,,산소,복사나무수지추출물,피나무추출물,,자이언트켈프단백질,녹차씨추출물,측백나무잎추출물,,,
살구씨오일,세테스-13,긴병꽃풀추출물,카프릴릴트라이메티콘,,인돌아세틱애씨드,헨나추출물,전호추출물,,참갈파래추출물,크랜베리씨오일,타우린,,,
알로에베라잎즙가루,라우레스-12,창과감초뿌리추출물,다이스테아레스-100아이피디아이,,시어버터씨드케이크추출물,아스파라거스줄기추출물,고추추출물,,몽당잎모자반추출물,대왕송오일,징크피리치온,,,
가시칠엽수씨추출물,,잎새버섯자실체추출물,포타슘C12-13알킬포스페이트,,몰약오일,올레라케아아크멜라추출물,클로브꽃오일,,채송화추출물,포타슘마그네슘아스파테이트,아라비안자스민잎세포추출물,,,
드럼스틱씨추출물,,원추리꽃추출물,벤조인나무검,,소듐아크릴레이트코폴리머,블루탄지꽃오일,파스향나무잎추출물,,인도칸나뿌리추출물,마그네슘글루코네이트,무환자추출물,,,
오이열매추출물,,구기자추출물,트라이플루오로프로필다이메틸/트라이메틸실록시실리케이트,,퍼플루오로옥틸트라이에톡시실레인,두송열매오일,미로탐누스 플라벨리폴리아잎/줄기추출물,,예덕나무껍질추출물,우릭애씨드,헨나추출물,,,
렌틸콩추출물,,레몬밤추출물,다이메틸아크릴아마이드/소듐아크릴로일다이메틸타우레이드크로스폴리머,,클로로필린-카퍼컴플렉스,피토스테릴올리에이트,블랙커민씨오일,,함박꽃나무추출물,리토탐니온 칼카룸추출물,아줄렌,,,
흰무늬엉겅퀴추출물,,페퍼민트꽃/잎/줄기추출물,소듐아크릴레이트코폴리머,,알루미늄글리시네이트,하이드록시팔미토일스핑가닌,스피드웰꽃/잎/줄기추출물,,셀필룸잎추출물,아세틸메티오닌,블루탄지꽃오일,,,
제주진득찰추출물,,산뽕나무잎추출물,라우릴다이메티콘/폴리글리세린-3크로스폴리머,,스테아레스-2,라임껍질오일,알로에베라잎가루,,띠뿌리추출물,토코페릴리놀리에이트/올리에이트,두송열매오일,,,
보리추출물,,바질잎추출물,피피지-1-피이지-9라우릴글라이콜에터,,스테아레스-21,신선초추출물,제주조릿대추출물,,하이드로제네이티드쌀겨오일,오리자놀,수크로오스팔미테이트,,,
밀배아추출물,,기장추출물,피피지-14부틸에터,,스테아레스-11,삼나무싹추출물,수국잎추출물,,올리브오일데실에스터,커큐민,아크릴레이트/스테아레스-20메타크릴레이트코폴리머,,,
한련초추출물,,소엽잎추출물,알루미늄지르코늄트라이클로로하이드렉스글라이신,,세테아레스-33,암모늄라우릴설페이트,사철쑥추출물,,스위트아몬드오일폴리글리세릴-6에스터,녹차카테킨,울금뿌리오일,,,
남가새열매추출물,,팥추출물,알루미늄세스퀴클로로하이드레이트,,세테아레스-30,서양측백나무껍질추출물,서양배꽃추출물,,토코페릴리놀리에이트,자몽씨추출물,스피어민트잎추출물,,,
양까막까치밥나무열매추출물,,왕질경이씨추출물,피이지-90M,,세테아레스-28,종대황뿌리/잎줄기/줄기추출물,비터오렌지잎/잔가지오일,,필드스캐비어스추출물,왕귤추출물,클로트라이마졸,,,
자몽추출물,,도라지뿌리추출물,피이지-14M,,마그네슘나이트레이트,왕귤껍질추출물,일랑일랑꽃오일,,캐비아추출물,비수리추출물,티몰,,,
아르간커넬오일,,살구추출물,황토,,포타슘메타바이설파이트,치마버섯균사체발효여과추출물,라벤더추출물,,가르시니아열매추출물,안토시아닌,라벤더꽃,,,
달맞이꽃오일,,자두추출물,폴리쿼터늄-62,,벤조인나무수지추출물,하이드로젠퍼옥사이드,수레국화꽃추출물,,맥주효모추출물,녹차꽃추출물,하와이무궁화꽃추출물,,,
아보카도오일,,무추출물,폴리쿼터늄-4,,인디고잎가루,소듐메타실리케이트,마트리카리아꽃/잎추출물,,스타퓔로코쿠스 에피데르미디스발효여과물,망고스틴추출물,봉의꼬리추출물,,,
유칼립투스잎수,,로즈마리잎추출물,쿼터늄-87,,바닐라열매오일,"N,N-비스(2-하이드록시에틸)-p-페닐렌다이아민설페이트",버지니아풍년화수,,파라코쿠스 데니트리피칸스발효여과물,두리안추출물,원지뿌리추출물,,,
바질꽃/잎/줄기추출물,,얼룩조릿대잎추출물,쿼터늄-33,,바닐라열매,"황산N,N-비스(2-히드록시에칠)-P-페닐렌디아민",페퍼민트추출물,,석류나무껍질추출물,라즈베리씨추출물,리치추출물,,,
멕시칸치아씨추출물,,형개추출물,에이엠피-아크릴레이트코폴리머,,벤조페논-9,,병풀잎/줄기가루,,크산토필,,,,,
개똥쑥추출물,,시금치추출물,트라이메틸펜타페닐트라이실록세인,,카페익애씨드,,티트리잎가루,,로부르참나무목부추출물,,,,,
쌀추출물,,타임잎추출물,피이지-20,,진들딸기씨추출물,,수레국화꽃수,,벤조인나무수지추출물,,,,,
레몬밤잎추출물,,하늘타리뿌리추출물,피피지-6-데실테트라데세스-30,,보스웰리아수지추출물,,크리산텔룸 인디쿰추출물,,자주개자리잎가루,,,,,
프로방스장미꽃수,,참미역추출물,피이지-3다이스테아레이트,,포르피리듐 크루엔툼추출물,,시넨스국화꽃추출물,,크랜베리씨오일,,,,,
오크라열매추출물,,청각추출물,피이지-12알릴에터,,트라이메틸벤조일다이페닐포스핀옥사이드,,겨우살이잎추출물,,에델바이스꽃/잎추출물,,,,,
비타민나무열매오일,,폴스애플민트잎추출물,피피지-20메틸글루코오스에터,,벤조페논-1,,병풀꽃/잎/줄기추출물,,당잔대뿌리추출물,,,,,
프로방스장미꽃추출물,,만주자작나무껍질추출물,피피지-7,,토코페릴리놀리에이트/올리에이트,,병풀뿌리추출물,,왜광대수염꽃추출물,,,,,
서양톱풀추출물,,팔손이분홍치추출물,퍼플루오로노닐다이메티콘/메티콘/아모다이메티콘크로스폴리머,,커큐민,,아티초크잎추출물,,귀리아미노산,,,,,
레이디스맨틀추출물,,알쏭이모자반추출물,세틸다이메티콘/비스-비닐다이메티콘크로스폴리머,,유럽밤나무씨추출물,,율무껍질추출물,,밀아미노산,,,,,
당아욱추출물,,브루셀스프라우트추출물,비스(C13-15알콕시)피지-아모다이메티콘,,녹색201호,,유자껍질오일,,소이아미노산,,,,,
카우슬립추출물,,병풀잎추출물,C20-24올레핀,,녹색3호,,제비꽃꽃추출물,,쌀아미노산,,,,,
스피드웰추출물,,서양고추나물꽃추출물,,,벤조페논-5,,티트리꽃/잎/줄기추출물,,글루코사민에이치씨엘,,,,,
데이지꽃추출물,,피그미핑크캘러스배양추출물,,,피이지-60아몬드글리세라이즈,,해마토코쿠스 플루비알리스추출물,,효모/홍삼발효여과물,,,,,
프리지아추출물,,애기달맞이꽃추출물,,,다이소듐라우리미노다이아세테이트,,애플민트잎추출물,,에버라스팅꽃오일,,,,,
에델바이스추출물,,판토테닉애씨드,,,알루미늄지르코늄테트라클로로하이드렉스글라이신,,워터민트추출물,,프로방스장미꽃오일,,,,,
마돈나백합꽃추출물,,피리독신,,,"황산톨루엔-2,5-디아민",,부추씨추출물,,두송열매오일,,,,,
뽕나무껍질추출물,,에스-클로스트리듐 보툴리눔올리고펩타이드-1,,,p-페닐렌디아민,,코튼씨추출물,,블루탄지꽃오일,,,,,
스노우로투스추출물,,흰목이버섯추출물,,,레조시놀,,알로에잎추출물,,피토스테릴올리에이트,,,,,
효모발효물,,클로렐라 불가리스추출물,,,p-아미노페놀,,하와이무궁화꽃/잎추출물,,유채싹추출물,,,,,
만노오스,,볼도잎추출물,,,"염산2,4-디아미노페녹시에탄올",,산소,,상추추출물,,,,,
폴리글리세릴-4올리에이트,,사과씨추출물,,,2-메틸레조시놀,,엘라직애씨드,,라떼바실러스/비수리잎/줄기발효여과물,,,,,
포스파티딜콜린,,인삼씨오일,,,m-아미노페놀,,불가리스쑥추출물,,에이엠피-아크릴레이트/다이아세톤아크릴아마이드코폴리머,,,,,
세라마이드에이피,,인삼잎/줄기추출물,,,암모늄티오글라이콜레이트,,둥근잎나팔꽃추출물,,녹차카테킨,,,,,
세라마이드이오피,,인삼꽃추출물,,,암모늄티오락테이트,,해바라기꽃추출물,,흑호두껍질추출물,,,,,
알로에베라잎수,,인삼열매추출물,,,황산5-아미노-o-크레솔,,회화나무꽃추출물,,진피나무열매추출물,,,,,
유럽개암씨오일,,아사이팜열매추출물,,,,,귀리잎추출물,,왕귤추출물,,,,,
피마자씨오일,,오미자추출물,,,,,서양민들레추출물,,안토시아닌,,,,,
스위트아몬드오일,,빌베리열매추출물,,,,,악마의발톱뿌리추출물,,삼칠뿌리추출물,,,,,
쿠쿠이나무씨오일,,사카라이드하이드롤리세이트,,,,,오레가노꽃/잎/줄기추출물,,만다린껍질오일,,,,,
프로필렌글라이콜다이카프릴레이트/다이카프레이트,,붉나무충영추출물,,,,,보검선인장열매추출물,,마그네슘포타슘플루오로실리케이트,,,,,
에틸헥실코코에이트,,버지니아풍년화잎추출물,,,,,통카콩씨추출물,,,,,,,
바오밥나무씨오일,,알파-글루칸올리고사카라이드,,,,,마누카잎추출물,,,,,,,
비타민나무오일,,야콘뿌리즙,,,,,마돈나백합꽃수,,,,,,,
코코넛야자오일,,작약꽃추출물,,,,,산뽕나무뿌리추출물,,,,,,,
보스웰리아오일,,올리보일하이드롤라이즈드밀단백질,,,,,털모과잎추출물,,,,,,,
로즈우드오일,,유청단백질,,,,,맨드라미꽃추출물,,,,,,,
아틀라스시다목부오일,,하이드롤라이즈드완두콩단백질,,,,,카제푸트오일,,,,,,,
세라마이드엔에스,,하이드로제네이티드올리브오일불검화물,,,,,슬리퍼우드잎추출물,,,,,,,
세라마이드에이에스,,비타민나무열매오일,,,,,보쿠추출물,,,,,,,
하이드로제네이티드캐스터오일,,스피드웰추출물,,,,,타임오일,,,,,,,
하이드로제네이티드캐스터오일다이머다이리놀레에이트,,귀리가루추출물,,,,,카카오열매추출물,,,,,,,
해바라기씨왁스,,브로콜리추출물,,,,,매실나무뿌리추출물,,,,,,,
동백나무꽃추출물,,산딸기추출물,,,,,소엽씨추출물,,,,,,,
동백나무씨추출물,,녹두추출물,,,,,마텔오일,,,,,,,
올레스-30,,옥수수커넬추출물,,,,,고수씨오일,,,,,,,
하이드로제네이티드올리브오일라우릴에스터,,프로폴리스추출물,,,,,소화성수지,,,,,,,
글리세릴베헤네이트/에이코사디오에이트,,로얄젤리추출물,,,,,하이드롤라이즈드참깨단백질피지-프로필메틸실란다이올,,,,,,,
쿠푸아수씨버터,,줄맨드라미씨추출물,,,,,대왕송오일,,,,,,,
카카오씨버터,,카멜그라스오일,,,,,엘-멘톨,,,,,,,
세라마이드엔지,,캐모마일꽃오일,,,,,자주개자리잎가루,,,,,,,
폴리글리세릴-6올리에이트,,스트렙토코쿠스 테르모필루스발효물,,,,,후추씨추출물,,,,,,,
카프릴릭/카프릭글리세라이즈,,꽃송이버섯추출물,,,,,박하추출물,,,,,,,
꿀풀추출물,,포도즙추출물,,,,,웨이광대수염꽃추출물,,,,,,,
쌀겨오일,,아이스플랜트추출물,,,,,검은귀리추출물,,,,,,,
아사이팜열매오일,,인디안베델리움수지추출물,,,,,붉나무추출물,,,,,,,
바바수씨오일,,비타민나무열매추출물,,,,,영릉향추출물,,,,,,,
프로필렌글라이콜다이벤조에이트,,펜타펩타이드-18,,,,,고추냉이뿌리추출물,,,,,,,
아이소데실네오펜타노에이트,,비트레오스실라발효물,,,,,무궁화꽃수,,,,,,,
소듐다이라우미도글루타미드라이신,,알테로모나스발효추출물,,,,,티아꽃,,,,,,,
하이드로제네이티드코코-글리세라이즈,,마카다미아씨오일폴리글리세릴-6에스터스베헤네이트,,,,,워터민트꽃/잎/줄기추출물,,,,,,,
참깨오일,,동백나무씨추출물,,,,,트리리프솝베리열매추출물,,,,,,,
라놀린오일,,흑삼추출물,,,,,아줄렌,,,,,,,
하이드로젠다이메티콘,,검은서양송로추출물,,,,,회화나무뿌리추출물,,,,,,,
세틸다이메티콘,,흑미추출물,,,,,첨차잎추출물,,,,,,,
세틸다이글리세릴트리스(트라이메틸실록시)실릴에틸다이메티콘,,양까막까치밥나무싹추출물,,,,,비누풀잎/뿌리추출물,,,,,,,
소듐아크릴레이트크로스폴리머-2,,검은깨추출물,,,,,소수잎/줄기추출물,,,,,,,
캐스터오일포스페이트,,검정콩추출물,,,,,진정 효과가 있는 추출물 (예: 라임껍질오일),,,,,,,
달팽이점액여과물,,서양산딸기추출물,,,,,레몬밤꽃/잎/줄기수,,,,,,,
아세틸글루타민,,둥근잎천남성추출물,,,,,꽃다지추출물,,,,,,,
하이드롤라이즈드녹용,,향기제비꽃잎추출물,,,,,아라비아고무나무검추출물,,,,,,,
산양삼추출물,,황기추출물,,,,,폴스아르니카꽃추출물,,,,,,,
달맞이꽃씨추출물,,파라크레스꽃추출물,,,,,왕귤추출물,,,,,,,
스위트아몬드추출물,,약작약꽃추출물,,,,,라벤더꽃,,,,,,,
파파야열매수,,서양송악추출물,,,,,하와이무궁화꽃추출물,,,,,,,
콜라겐아미노산,,구주소나무싹추출물,,,,,원지뿌리추출물,,,,,,,
에이엠피-아이소스테아로일하이드롤라이즈드콜라겐,,패션프룻씨오일,,,,,,,,,,,,
에이엠피디-아이소스테아로일하이드롤라이즈드콜라겐,,연꽃씨추출물,,,,,,,,,,,,
밀배아오일,,연꽃잎추출물,,,,,,,,,,,,
옥수수배아유,,목서꽃추출물,,,,,,,,,,,,
하이드롤라이즈드보검선인장꽃추출물,,팔미토일프롤린,,,,,,,,,,,,
옥수수오일,,쇠뜨기잎추출물,,,,,,,,,,,,
홍차수,,쐐기풀잎추출물,,,,,,,,,,,,
카카두플럼추출물,,인디안구스베리열매추출물,,,,,,,,,,,,
하이드롤라이즈드실크,,두송열매추출물,,,,,,,,,,,,
알로에베라잎폴리사카라이드,,흰무늬엉겅퀴열매추출물,,,,,,,,,,,,
콜로이달오트밀,,노티드랙추출물,,,,,,,,,,,,
하이드롤라이즈드어란추출물,,콘민트잎추출물,,,,,,,,,,,,
하이드롤라이즈드밀단백질,,마트리카리아꽃수,,,,,,,,,,,,
글리세레스-5락테이트,,소나무잎추출물,,,,,,,,,,,,
수크로오스테트라아이소스테아레이트,,레몬추출물,,,,,,,,,,,,
소듐폴리글루타메이트크로스폴리머,,오렌지추출물,,,,,,,,,,,,
알지닉애씨드,,설탕단풍추출물,,,,,,,,,,,,
하이드로제네이티드팜커넬글리세라이즈,,에난티아 클로란타껍질추출물,,,,,,,,,,,,
하이드로제네이티드팜글리세라이드,,코코넛야자열매추출물,,,,,,,,,,,,
아프리카망고커넬버터,,피나무꽃추출물,,,,,,,,,,,,
하이드로제네이티드호호바오일,,라벤더꽃/잎/줄기추출물,,,,,,,,,,,,
라즈베리씨오일,,삼나무잎추출물,,,,,,,,,,,,
카프릴릭/카프릭/미리스틱/스테아릭트라이글리세라이드,,체이스트트리추출물,,,,,,,,,,,,
다이글리세릴세바케이트/아이소팔미테이트,,루이보스잎추출물,,,,,,,,,,,,
하이드로제네이티드코코넛오일,,회향잎추출물,,,,,,,,,,,,
피토스테릴마카다미에이트,,포도씨추출물,,,,,,,,,,,,
피토스테릴이소스테아레이트,,호호바잎추출물,,,,,,,,,,,,
글리세릴트라이아세틸리시놀레이트,,대추야자씨,,,,,,,,,,,,
세틸리시놀레이트,,침향나무줄기추출물,,,,,,,,,,,,
하이드로제네이티드유채씨오일,,치자나무꽃추출물,,,,,,,,,,,,
수크로오스아세테이트아이소부티레이트,,메도우스위트추출물,,,,,,,,,,,,
양벚나무씨오일,,석류과피추출물,,,,,,,,,,,,
망고씨오일,,서양자두씨추출물,,,,,,,,,,,,
호호바씨추출물,,셀러리씨추출물,,,,,,,,,,,,
사라수씨버터,,콩추출물,,,,,,,,,,,,
야자씨버터,,바실러스/폴릭애씨드발효여과추출물,,,,,,,,,,,,
식물성오일,,홍차추출물,,,,,,,,,,,,
시어버터불검화물,,아스코빌글루코사이드,,,,,,,,,,,,
하이드로제네이티드캐스터오일아이소스테아레이트,,달팽이점액여과물,,,,,,,,,,,,
하이드로제네이티드올리브오일,,에스에이치-올리고펩타이드-2,,,,,,,,,,,,
올리브오일불검화물,,에스에이치-폴리펩타이드-1,,,,,,,,,,,,
트라이올레인,,에스에이치-폴리펩타이드-11,,,,,,,,,,,,
라즈베리씨오일/토코페릴석시네이트아미노프로판다이올에스터,,에스에이치-폴리펩타이드-9,,,,,,,,,,,,
하이드로제네이티드돌콩오일,,에스에이치-데카펩타이드-7,,,,,,,,,,,,
하이드로제네이티드팜커넬오일,,에스에이치-옥타펩타이드-4,,,,,,,,,,,,
하이드로제네이티드팜오일,,에스에이치-올리고펩타이드-9,,,,,,,,,,,,
수크로오스폴리스테아레이트,,에스에이치-펜타펩타이드-19,,,,,,,,,,,,
밀펩타이드,,프로콜라겐,,,,,,,,,,,,
귀리펩타이드,,소듐소이하이드롤라이즈드콜라겐,,,,,,,,,,,,
콩폴리펩타이드,,갈락토미세스발효여과물,,,,,,,,,,,,
하이드롤라이즈드옥수수단백질,,효모추출물,,,,,,,,,,,,
하이드롤라이즈드케라틴,,가시대나무수액,,,,,,,,,,,,
하이드롤라이즈드실크에틸에스터,,락토바실러스/히비스커스꽃발효여과물,,,,,,,,,,,,
쌀겨오일추출물,,하이드롤라이즈드밀단백질/피브이피크로스폴리머,,,,,,,,,,,,
세리신,,팔미토일올리고펩타이드,,,,,,,,,,,,
실크추출물,,석류씨오일,,,,,,,,,,,,
알로에베라잎가루,,하이드롤라이즈드실크,,,,,,,,,,,,
파파인,,노니열매추출물,,,,,,,,,,,,
유채씨오일,,복분자딸기열매추출물,,,,,,,,,,,,
제주조릿대추출물,,장엽대황뿌리추출물,,,,,,,,,,,,
소듐코코일애플아미노산,,큰노랑용담뿌리추출물,,,,,,,,,,,,
소듐코코암포아세테이트,,쓴쑥추출물,,,,,,,,,,,,
이눌린,,아르니카 몬타나꽃추출물,,,,,,,,,,,,
쌀겨,,비타민나무추출물,,,,,,,,,,,,
효모/쌀겨발효물,,서양자두씨오일,,,,,,,,,,,,
쌀발효여과물,,스페인자스민꽃추출물,,,,,,,,,,,,
유자수,,센티드제라늄추출물,,,,,,,,,,,,
병풀오일,,돌콩추출물,,,,,,,,,,,,
피이지-6카프릴릭/카프릭글리세라이즈,,발레이추출물,,,,,,,,,,,,
폴리글리세릴-3코코에이트,,팔미토일헥사펩타이드-12,,,,,,,,,,,,
폴리글리세릴-6리시놀리에이트,,참나리추출물,,,,,,,,,,,,
폴리글리세릴-6카프릴레이트,,에틸셀룰로오스,,,,,,,,,,,,
폴리글리세릴-10다이올리에이트,,키위추출물,,,,,,,,,,,,
폴리글리세릴-6트라이카프릴레이트,,망고추출물,,,,,,,,,,,,
피이지-8아이소스테아레이트,,구아바열매추출물,,,,,,,,,,,,
피이지-12아이소스테아레이트,,자목련꽃추출물,,,,,,,,,,,,
피이지-10아이소스테아레이트,,로즈힙열매추출물,,,,,,,,,,,,
피씨에이에틸코코일알지네이트,,아세로라추출물,,,,,,,,,,,,
C30-45알킬메티콘,,포트마리골드꽃오일,,,,,,,,,,,,
피이지-15/라우릴다이메티콘크로스폴리머,,스테비아추출물,,,,,,,,,,,,
유자껍질추출물,,블랙체리열매추출물,,,,,,,,,,,,
락토바실러스/소이밀크발효여과물,,패션프룻열매추출물,,,,,,,,,,,,
소듐폴리글루타메이트,,까무까무열매추출물,,,,,,,,,,,,
세테아레스-12,,석류나무꽃추출물,,,,,,,,,,,,
캐롭검,,티아꽃추출물,,,,,,,,,,,,
소듐파이루베이트,,복사나무꽃추출물,,,,,,,,,,,,
구아노신,,사과나무꽃추출물,,,,,,,,,,,,
비터아몬드커넬오일,,더덕뿌리추출물,,,,,,,,,,,,
스핑고모나스발효추출물,,미역추출물,,,,,,,,,,,,
스타아니스열매/씨오일,,라즈베리즙,,,,,,,,,,,,
서양측백나무잎오일,,포도즙,,,,,,,,,,,,
커먼자스민오일,,딸기추출물,,,,,,,,,,,,
탄제린껍질오일,,녹용추출물,,,,,,,,,,,,
히노키티올,,라케모사승마뿌리추출물,,,,,,,,,,,,
흰목이버섯폴리사카라이드,,산방풍뿌리추출물,,,,,,,,,,,,
효모폴리펩타이드,,들깨추출물,,,,,,,,,,,,
폴리글리세릴-10베헤네이트/에이코사디오에이트,,그롬웰뿌리추출물,,,,,,,,,,,,
하이드로제네이티드스타치하이드롤리세이트,,쓴풀추출물,,,,,,,,,,,,
글라이코실트레할로오스,,파스향나무잎추출물,,,,,,,,,,,,
하이드로제네이티드폴리(C6-20올레핀),,미로탐누스 플라벨리폴리아잎/줄기추출물,,,,,,,,,,,,
하이드롤라이즈드알진,,뽕나무뿌리추출물,,,,,,,,,,,,
스위트아몬드씨가루,,블랙커민씨오일,,,,,,,,,,,,
유자껍질오일,,스피드웰꽃/잎/줄기추출물,,,,,,,,,,,,
글루코실헤스페리딘,,구아바잎추출물,,,,,,,,,,,,
바이오플라보노이드,,제주조릿대추출물,,,,,,,,,,,,
하이드롤라이즈드콜라겐추출물,,연옥가루,,,,,,,,,,,,
프로필헵틸카프릴레이트,,에버라스팅꽃수,,,,,,,,,,,,
쌀배아오일,,핑거루트뿌리줄기추출물,,,,,,,,,,,,
올리브추출물,,우롱차추출물,,,,,,,,,,,,
세드랏껍질오일,,큰노랑꽃자리풀씨추출물,,,,,,,,,,,,
하이드롤라이즈드참갈파래추출물,,명자나무씨추출물,,,,,,,,,,,,
하이드롤라이즈드조류추출물,,수국잎추출물,,,,,,,,,,,,
자이언트켈프단백질,,때죽나무가지/열매/잎추출물,,,,,,,,,,,,
검정콩오일,,보검선인장추출물,,,,,,,,,,,,
코튼씨오일,,사철쑥추출물,,,,,,,,,,,,
빌베리씨오일,,맥아추출물,,,,,,,,,,,,
알로에잎추출물,,푸르메리아 루브라꽃추출물,,,,,,,,,,,,
시어버터씨드케이크추출물,,로즈오브예리코추출물,,,,,,,,,,,,
하와이무궁화꽃/잎추출물,,루이보스추출물,,,,,,,,,,,,
바오밥나무씨추출물,,신선초잎/줄기추출물,,,,,,,,,,,,
우레아,,적색504호,,,,,,,,,,,,
에틸헥실올리베이트,,퀼라자껍질추출물,,,,,,,,,,,,
하이드로제네이티드팜글리세라이즈시트레이트,,탄제린추출물,,,,,,,,,,,,
피이지-100하이드로제네이티드캐스터오일,,셀러리추출물,,,,,,,,,,,,
유자씨오일,,밀싹추출물,,,,,,,,,,,,
키위씨오일,,오렌지즙,,,,,,,,,,,,
스피룰리나 막시마추출물,,자몽즙,,,,,,,,,,,,
귀리커넬오일,,서양배꽃추출물,,,,,,,,,,,,
하이드로제네이티드쌀겨오일,,헛개나무열매추출물,,,,,,,,,,,,
스위트아몬드오일폴리글리세릴-6에스터,,중국토복령추출물,,,,,,,,,,,,
올리브오일데실에스터,,질경이택사덩이줄기추출물,,,,,,,,,,,,
마루르라씨오일,,브라질넛씨오일,,,,,,,,,,,,
로즈힙꽃오일,,안디로바씨오일,,,,,,,,,,,,
브로콜리씨오일,,소두구씨오일,,,,,,,,,,,,
토마토씨오일,,비터오렌지잎/잔가지오일,,,,,,,,,,,,
왕귤수,,마조람잎오일,,,,,,,,,,,,
안식향나무수지오일,,효모/아연발효물,,,,,,,,,,,,
만주자작나무잎추출물,,효모/마그네슘발효물,,,,,,,,,,,,
하이드롤라이즈드진주,,우유단백질추출물,,,,,,,,,,,,
하이드롤라이즈드병풀추출물,,락토바실러스/소이밀크발효여과물,,,,,,,,,,,,
스위트아몬드열매추출물,,인삼뿌리프로토플라스트,,,,,,,,,,,,
돌콩배아추출물,,인체제대혈세포배양액,,,,,,,,,,,,
쌀배아추출물,,다발방패버섯추출물,,,,,,,,,,,,
타피오카전분,,병풀뿌리추출물,,,,,,,,,,,,
피피지-120메틸글루코스디올리에이트,,블래더랙추출물,,,,,,,,,,,,
라놀린애씨드,,스피룰리나 플라텐시스추출물,,,,,,,,,,,,
코코넛지방산,,불등가사리추출물,,,,,,,,,,,,
프로필렌글라이콜라우레이트,,캐나다콜로이달클레이,,,,,,,,,,,,
피피지-3카프릴릴에터,,가시오갈피뿌리추출물,,,,,,,,,,,,
스테아록시프로필트라이모늄클로라이드,,스페인감초뿌리가루,,,,,,,,,,,,
판테닐에틸에터,,석창포추출물,,,,,,,,,,,,
하이드로제네이티드레이프씨드알코올,,호두추출물,,,,,,,,,,,,
하이드롤라이즈드참깨단백질피지-프로필메틸실란다이올,,율무껍질추출물,,,,,,,,,,,,
체리모야열매추출물,,율무씨수,,,,,,,,,,,,
글리세릴카프레이트,,비자나무씨오일,,,,,,,,,,,,
하이드롤라이즈드피브로인,,개청각추출물,,,,,,,,,,,,
피브로인,,감태추출물,,,,,,,,,,,,
스위트아몬드단백질,,겔리듐 카르틸라기네움추출물,,,,,,,,,,,,
쌀단백질,,톳추출물,,,,,,,,,,,,
식물성아미노산,,세테스-10,,,,,,,,,,,,
하이드롤라이즈드아마란스단백질,,프로방스장미꽃,,,,,,,,,,,,
하이드롤라이즈드블래더랙단백질,,빌베리열매/잎추출물,,,,,,,,,,,,
밀단백질,,케이프알로에잎추출물,,,,,,,,,,,,
트라이하이드록시팔미타미도하이드록시프로필미리스틸에터,,제비꽃꽃추출물,,,,,,,,,,,,
락토글로불린,,스피어민트추출물,,,,,,,,,,,,
아세틸시스테인,,마뿌리추출물,,,,,,,,,,,,
피토스테릴올리에이트,,타라열매추출물,,,,,,,,,,,,
올레익/리놀레익/리놀레닉폴리글리세라이즈,,금불초꽃/잎/줄기추출물,,,,,,,,,,,,
소듐코코일아미노산,,털부처꽃추출물,,,,,,,,,,,,
포타슘코코일글루타메이트,,냉초추출물,,,,,,,,,,,,
소듐스위트아몬드암포아세테이트,,더위지기추출물,,,,,,,,,,,,
코코다이모늄하이드록시프로필하이드롤라이즈드밀단백질,,분비나무오일,,,,,,,,,,,,
우유추출물,,클로브잎오일,,,,,,,,,,,,
호호바버터,,마트리카리아꽃오일,,,,,,,,,,,,
시어버터오일,,모란추출물,,,,,,,,,,,,
올리브오일피이지-8에스터,,버지니아풍년화껍질/잎/잔가지추출물,,,,,,,,,,,,
올리브오일글리세레스-8에스터,,살비아수,,,,,,,,,,,,
보르네오탈로우씨버터,,쌀배아오일,,,,,,,,,,,,
오트밀,,쐐기풀추출물,,,,,,,,,,,,
알로에베라잎,,브로콜리싹추출물,,,,,,,,,,,,
쿠쿠이나무씨추출물,,살구씨추출물,,,,,,,,,,,,
락토바실러스/알로에베라발효여과물,,양까막까치밥나무잎추출물,,,,,,,,,,,,
흰명아주꽃추출물,,키위씨추출물,,,,,,,,,,,,
효모/감즙발효추출물,,야니아 루벤스추출물,,,,,,,,,,,,
아세틸레이티드라놀린알코올,,플랑크톤추출물,,,,,,,,,,,,
하이드롤라이즈드로도피세아추출물,,피케아 로부스타추출물,,,,,,,,,,,,
팜커넬애씨드,,몽당잎모자반추출물,,,,,,,,,,,,
팥가루,,참갈파래추출물,,,,,,,,,,,,
콩가루,,봉선화꽃/잎/줄기추출물,,,,,,,,,,,,
원지뿌리추출물,,개양귀비꽃잎추출물,,,,,,,,,,,,
라벤더꽃,,채송화추출물,,,,,,,,,,,,
하와이무궁화꽃추출물,,튤립추출물,,,,,,,,,,,,
녹차꽃추출물,,인도칸나뿌리추출물,,,,,,,,,,,,
리치추출물,,연꽃씨가루,,,,,,,,,,,,
두리안추출물,,복숭아씨추출물,,,,,,,,,,,,
만다린껍질오일,,만주자작나무수액,,,,,,,,,,,,
망고스틴추출물,,자주천인국추출물,,,,,,,,,,,,
,,붉은토끼풀추출물,,,,,,,,,,,,
,,예덕나무껍질추출물,,,,,,,,,,,,
,,함박꽃나무추출물,,,,,,,,,,,,
,,노니추출물,,,,,,,,,,,,
,,포도덩굴수액,,,,,,,,,,,,
,,석류나무추출물,,,,,,,,,,,,
,,레스페데자 카피타타잎/줄기추출물,,,,,,,,,,,,
,,망고스틴껍질추출물,,,,,,,,,,,,
,,수염틸란드시아추출물,,,,,,,,,,,,
,,자작나무껍질추출물,,,,,,,,,,,,
,,로켓잎추출물,,,,,,,,,,,,
,,바실러스/소이빈발효추출물,,,,,,,,,,,,
,,사과나무잎추출물,,,,,,,,,,,,
,,카룸 페트로셀리눔추출물,,,,,,,,,,,,
,,푸시디움 코식네움발효여과물,,,,,,,,,,,,
,,암브레트추출물,,,,,,,,,,,,
,,셀필룸잎추출물,,,,,,,,,,,,
,,오르소시폰추출물,,,,,,,,,,,,
,,띠뿌리추출물,,,,,,,,,,,,
,,페닐에틸레조시놀,,,,,,,,,,,,
,,팔미토일글라이신,,,,,,,,,,,,
,,엘라직애씨드,,,,,,,,,,,,
,,에틸페룰레이트,,,,,,,,,,,,
,,하이드롤라이즈드알엔에이,,,,,,,,,,,,
,,바다포도추출물,,,,,,,,,,,,
,,토멘틸뿌리추출물,,,,,,,,,,,,
,,유자씨오일,,,,,,,,,,,,
,,키위씨오일,,,,,,,,,,,,
,,마룰라씨오일,,,,,,,,,,,,
,,스피룰리나 막시마추출물,,,,,,,,,,,,
,,올리브오일데실에스터,,,,,,,,,,,,
,,로즈힙꽃오일,,,,,,,,,,,,
,,브로콜리씨오일,,,,,,,,,,,,
,,크레아틴,,,,,,,,,,,,
,,알루미늄클로로하이드레이트,,,,,,,,,,,,
,,피브이엠/엠에이데카디엔크로스폴리머,,,,,,,,,,,,
,,멜라토닌,,,,,,,,,,,,
,,하이드롤라이즈드인삼사포닌,,,,,,,,,,,,
,,당근잎추출물,,,,,,,,,,,,
,,녹차씨추출물,,,,,,,,,,,,
,,귀리단백질추출물,,,,,,,,,,,,
,,효모/콩단백질발효물,,,,,,,,,,,,
,,하이드롤라이즈드소이밀크프로테인,,,,,,,,,,,,
,,하이드롤라이즈드효모단백질,,,,,,,,,,,,
,,하이드롤라이즈드보리단백질,,,,,,,,,,,,
,,하이드롤라이즈드감자단백질,,,,,,,,,,,,
,,하이드롤라이즈드쌀겨단백질,,,,,,,,,,,,
,,하이드롤라이즈드코튼씨드단백질,,,,,,,,,,,,
,,하이드롤라이즈드스위트아몬드단백질,,,,,,,,,,,,
,,하이드롤라이즈드헤이즐넛단백질,,,,,,,,,,,,
,,완두콩펩타이드,,,,,,,,,,,,
,,족도리풀뿌리추출물,,,,,,,,,,,,
,,측백나무잎추출물,,,,,,,,,,,,
,,인체지방세포배양액추출물,,,,,,,,,,,,
,,대왕송오일,,,,,,,,,,,,
,,시금치가루,,,,,,,,,,,,
,,서양유채추출물,,,,,,,,,,,,
,,실버위드추출물,,,,,,,,,,,,
,,양골담초추출물,,,,,,,,,,,,
,,통위드추출물,,,,,,,,,,,,
,,안젤리카뿌리추출물,,,,,,,,,,,,
,,에델바이스꽃/잎추출물,,,,,,,,,,,,
,,인카르나타시계꽃전초추출물,,,,,,,,,,,,
,,황금전초추출물,,,,,,,,,,,,
,,우뭇가사리추출물,,,,,,,,,,,,
,,로키마운틴라즈베리열매즙,,,,,,,,,,,,
,,크랜베리씨오일,,,,,,,,,,,,
,,시스틴비스-피지-프로필실란트라이올,,,,,,,,,,,,
,,당호박씨오일,,,,,,,,,,,,
,,아사이야자열매추출물,,,,,,,,,,,,
,,이테야자열매오일,,,,,,,,,,,,
,,아비시니안케일씨오일,,,,,,,,,,,,
,,에버라스팅꽃오일,,,,,,,,,,,,
,,프로방스장미꽃오일,,,,,,,,,,,,
,,두송열매오일,,,,,,,,,,,,
,,블루탄지꽃오일,,,,,,,,,,,,
,,가시대나무줄기추출물,,,,,,,,,,,,
,,올레라케아아크멜라추출물,,,,,,,,,,,,
,,콩싹추출물,,,,,,,,,,,,
,,유채싹추출물,,,,,,,,,,,,
,,두송싹추출물,,,,,,,,,,,,
,,왕질경이잎추출물,,,,,,,,,,,,
,,상추추출물,,,,,,,,,,,,
,,커먼자스민꽃/잎추출물,,,,,,,,,,,,
,,아스파라거스줄기추출물,,,,,,,,,,,,
,,하이드롤라이즈드퀴노아,,,,,,,,,,,,
,,유채추출물,,,,,,,,,,,,
,,무씨추출물,,,,,,,,,,,,
,,케일잎추출물,,,,,,,,,,,,
,,호프추출물,,,,,,,,,,,,
,,완두콩추출물,,,,,,,,,,,,
,,호밀추출물,,,,,,,,,,,,
,,백량금추출물,,,,,,,,,,,,
,,삼씨추출물,,,,,,,,,,,,
,,필리핀오렌지껍질추출물,,,,,,,,,,,,
,,배초향추출물,,,,,,,,,,,,
,,가회톱뿌리추출물,,,,,,,,,,,,
,,우엉씨오일,,,,,,,,,,,,
,,왕고들빼기추출물,,,,,,,,,,,,
,,진피나무열매추출물,,,,,,,,,,,,
,,진피나무씨추출물,,,,,,,,,,,,
,,인카르나타시계꽃열매추출물,,,,,,,,,,,,
,,서양측백나무잎추출물,,,,,,,,,,,,
,,안토시아닌,,,,,,,,,,,,
,,알부민,,,,,,,,,,,,
,,삼칠뿌리추출물,,,,,,,,,,,,
,,봉의꼬리추출물,,,,,,,,,,,,
,,실론시나몬나무껍질추출물,,,,,,,,,,,,
,,측백나무씨추출물,,,,,,,,,,,,
,,라즈베리씨추출물,,,,,,,,,,,,
,,에리소빅애씨드,,,,,,,,,,,,
,,소이아미도프로필아민옥사이드,,,,,,,,,,,,